{
  "timestamp": "2024-11-23T04:50:50.239Z",
  "tests": {
    "Normal Build": {
      "avg_duration": 64.6482864,
      "std_deviation": 113.57696164013369,
      "runs": [
        291.764318,
        9.482272,
        6.097733,
        5.141098,
        10.756011
      ]
    },
    "Eval Dev Build": {
      "avg_duration": 8.3629398,
      "std_deviation": 2.6335006077591405,
      "runs": [
        12.964885,
        6.39807,
        6.667309,
        9.669813,
        6.114622
      ]
    },
    "Sourcemap Build": {
      "avg_duration": 5.1692648,
      "std_deviation": 0.9703481490249567,
      "runs": [
        7.064041,
        4.461231,
        4.460778,
        4.924171,
        4.936103
      ]
    }
  }
}