{
  "timestamp": "2024-11-22T17:52:46.745Z",
  "tests": {
    "Normal Build": {
      "avg_duration": 66.71781539999999,
      "std_deviation": 117.96520753504288,
      "runs": [
        302.603833,
        9.08002,
        5.626721,
        5.008431,
        11.270072
      ]
    },
    "Eval Dev Build": {
      "avg_duration": 9.7232068,
      "std_deviation": 2.654625789742833,
      "runs": [
        14.490459,
        8.505974,
        8.001088,
        10.596788,
        7.021725
      ]
    },
    "Sourcemap Build": {
      "avg_duration": 5.418214999999999,
      "std_deviation": 1.470941289957828,
      "runs": [
        8.332616,
        4.642793,
        4.429153,
        5.048111,
        4.638402
      ]
    }
  }
}