{
  "timestamp": "2024-11-22T17:45:29.205Z",
  "tests": {
    "Normal Build": {
      "avg_duration": 60.380842200000004,
      "std_deviation": 106.5728400131175,
      "runs": [
        273.485317,
        7.29611,
        5.463809,
        4.81495,
        10.844025
      ]
    },
    "Eval Dev Build": {
      "avg_duration": 7.962849399999999,
      "std_deviation": 2.0195391025440035,
      "runs": [
        11.799793,
        7.027698,
        6.754127,
        8.091454,
        6.141175
      ]
    },
    "Sourcemap Build": {
      "avg_duration": 5.170237800000001,
      "std_deviation": 1.233916769364028,
      "runs": [
        7.515924,
        4.248815,
        4.107724,
        4.806166,
        5.17256
      ]
    }
  }
}